"","apCAF","dCAF","hsp_tpCAF","iCAF","IDO_CAF","mCAF","Pericyte","rCAF","tpCAF","vCAF"
"mirror_db_sample1",5.73700266327754e-05,0.0311168641895976,0,0.227039581710696,0.0738045870168493,0.377731906111004,0.106913662925816,0.0104092020375949,0.00891122951047428,0.164015596471334
"mirror_db_sample2",0.00125674940352065,0.021715178174614,0.0160314557712306,0.219538024074392,0.0878637800159793,0.361061841128584,0.137796661707491,0.0125963614694202,0.00482680039459331,0.137313147860175
"mirror_db_sample3",1.04740566108129e-22,0.00859122646090998,0,0.241996089956387,0.0807643347049409,0.367615452924006,0.130906435188871,0.0164389184116071,0.0251640926266167,0.128523449726661
"mirror_db_sample4",0.000704941855441796,0.0103526771927299,0,0.245046881282508,0.030275058626093,0.394596350324647,0.156864750677384,0.0187620010994192,0.0287938815506307,0.114603457391146
"mirror_db_sample5",0.0023003445186255,0.0415656622377729,0.0404691075354979,0.187042028918863,0.0664519695350426,0.385551679610709,0.0974667515664104,0.0349563727306887,0.0135956244093912,0.130600458936999
"mirror_db_sample6",0.00273557415513985,0.0182818370558448,0.00429930013969178,0.238887711911734,0.0681829149181699,0.409294561286216,0.107254260979759,0.0217693384568352,0.00324026210330673,0.126054238993303
"mirror_db_sample7",0.0473269672764897,0.0290879662408987,1.9412190916109e-20,0.225810390443818,0.0694393265404907,0.39067716357613,0.114347926330201,0.0157643842389774,0.00346227119163974,0.104083604161355
"mirror_db_sample8",0.00233593233415226,0.0288599069814359,0.0283665163933214,0.231403365342366,0.0625436457257564,0.337630119779481,0.143232188956639,0.0288281390189318,0.0218866994804515,0.114913485987465
"mirror_db_sample9",0,0.00416345421035977,2.15132559835052e-05,0.237445781792522,0.0496897327351306,0.423092776370427,0.103392787304668,0.0144212611119838,0.0147648479035422,0.153007845315382
"mirror_db_sample10",0.00219727943330506,0.011339046056651,5.66091067737456e-18,0.269597420332772,0.0517908123223842,0.427652720032417,0.105065845989352,0.0019320115978238,5.17424800842548e-20,0.130424864235295
"mirror_db_sample11",0.0196113496649601,0.00741283439136201,1.09826915751494e-21,0.237705602864836,0.0657090903795643,0.324287495998659,0.141942912030011,0.0338009204685011,0.0163313903015435,0.153198403900564
"mirror_db_sample12",0.00280359385784053,0.0267732718808812,8.91348815920781e-07,0.280910782987508,0.0178282088712318,0.398595452618762,0.0958903573816022,0.0248870196903964,0.0018272164079251,0.150483204955036
"mirror_db_sample13",0.117083598712341,4.71765913564885e-05,0,0.223224468106982,0.0523222243403324,0.351559635033233,0.124131134335846,3.51861120730139e-05,0.0105782250113946,0.121018351756442
"mirror_db_sample14",0,0.00993460681575565,0,0.253865148014617,0.0370606453930676,0.38121078140361,0.126610831875822,0.0280424422036938,0.00529056654746266,0.157984977745972
"mirror_db_sample15",0.104681600880161,0.0387817225831872,7.07741634718821e-18,0.209142879017271,0.0511026582986626,0.325776481322074,0.106785877351788,0.00714085801283307,0.0109844120309093,0.145603510503113
"mirror_db_sample16",0.0216843098620849,0.0152100130217073,0.0383170480724066,0.258631065003784,0.0595242380154689,0.380197428349683,0.128935819279671,1.43529094965872e-07,0,0.0974999348660991
"mirror_db_sample17",0.0240883206265072,0.0475321608753779,0,0.240391005911039,0.0195667395522543,0.353901912881149,0.129797921966294,0.0212435575588314,0.0665367556184544,0.0969416250100922
"mirror_db_sample18",0.0308820986211964,0.0200378022466924,1.58424957117063e-18,0.238062014269354,0.0297219210351653,0.401666719079231,0.115091840395562,0.0122143905741847,0.0180387643583449,0.13428444942027
"mirror_db_sample19",0.0354582585025575,0.0212485015740224,5.42313188915213e-20,0.223149868484726,0.0633606118658043,0.376019255338523,0.126826382028074,0.0146551962137382,0.0192975028577166,0.119984423134838
"mirror_db_sample20",0.181385143913012,0.0383968499511197,0,0.184802633594299,0.0541966861998234,0.307283858811903,0.120056376934598,4.71257179421176e-05,8.5482744381956e-21,0.113831324877302
"mirror_db_sample21",0.00138481700501998,0.0216524057592952,0.1440386266357,0.190058299694367,0.0337035178446748,0.363992260762857,0.115982093360433,0.00994371606234353,0.00528518818405345,0.113959074691256
"mirror_db_sample22",1.0909206143016e-21,0.0300895175434674,1.84341770419382e-18,0.266716345203114,0.0394660072766993,0.378712012115778,0.101915306780169,0.00556506374807859,0.017692652861194,0.159843094471499
"mirror_db_sample23",0.00359285556847142,0.03277072276346,0,0.23823528458998,0.077639749984792,0.3819703481607,0.11365006961921,0.0301116049166201,0.00730914591637333,0.114720218480393
"mirror_db_sample24",0,0.013605646610794,2.91573817848424e-19,0.225976977320571,0.0510855222268861,0.41312033275686,0.14911167918536,0.00446736143504585,0.0308970124483714,0.111735468016111
"mirror_db_sample25",0.106987036134438,0.00722639230467177,3.90759591185509e-18,0.218982330276506,0.0464220586372076,0.368968081480957,0.124031513010627,0.019745361925483,0.0105381137797921,0.0970991124503175
"mirror_db_sample26",0.115244854538192,0.0266438034647258,1.29575215574176e-17,0.213634996438682,0.0704603113590551,0.337479130483482,0.109607841533693,0.0254223148165809,0.00111488803917566,0.100391859326414
"mirror_db_sample27",0.00324032020875218,0.0331964395184068,0.0824856696501828,0.175246431452265,0.0787292880291583,0.331553321049034,0.137836907699664,0.00764286206038876,1.0358723586365e-07,0.150068656744913
"mirror_db_sample28",1.53248725621728e-05,0.0397896627530498,0.0458603911843178,0.219752598389048,0.0499516945505068,0.38486897410068,0.129144231842308,0.00465075642858188,1.80101462749075e-05,0.12594835573267
"mirror_db_sample29",0.0396960308018093,0.000173656510808203,3.52036071283435e-06,0.223749427593559,0.0829950402165729,0.344680513471691,0.157515360508827,0.0131094322979347,0.0113167180760526,0.126760300162032
"mirror_db_sample30",0.0255302652162189,0.00413174404870853,0,0.22298345317686,0.0858469510659897,0.428628718199114,0.123554916851618,0.00825791878096789,0.0047942947839556,0.0962717378765677
"mirror_db_sample31",0.0553159259415705,0.0361250956175871,0,0.203467841987874,0.0393185410808054,0.397255711796764,0.143826298194013,2.92324939244744e-22,0.0104914757924475,0.114199109588939
"mirror_db_sample32",0.0825550102516825,0.0286944997837779,4.53298599720945e-21,0.23577178996127,0.0258003920547164,0.362832356534898,0.121139328752432,0.0189557077343034,0.00985970041856275,0.114391214508358
"mirror_db_sample33",0.0428283225921138,0.0204875425354085,3.00031118152925e-21,0.227343357666896,0.0326215358778975,0.373962117099109,0.132240410567705,0.0252034421684153,0.00538157136511032,0.139931700127345
"mirror_db_sample34",0.0614429740028863,0.0218191545425524,0,0.222617094843448,0.0469545137026674,0.390975365005508,0.1031967280028,0.0181469701899899,0.00581812223224385,0.129029077477903
"mirror_db_sample35",0,0.0283420024490085,0.059898923693421,0.204321523608633,0.0391815424515725,0.388281672812973,0.143637532189314,0.00907404626018295,3.54778462665391e-05,0.127227278688629
"mirror_db_sample36",0.100491701774376,0.0340974146092778,4.68228784635635e-21,0.225690749723861,0.0407561856550122,0.321419389080735,0.0920564733840022,0.0147948494599703,0.0325852973139936,0.138107938998772
"mirror_db_sample37",0.0512113004348508,0.050696742702502,0,0.237055251850305,0.0584236803444312,0.325226919621389,0.145974570996362,0.00388667448823886,0.0370606907659374,0.0904641687959839
"mirror_db_sample38",0.0307522738570778,0.0222532166031918,1.87457597409062e-19,0.218266646876649,0.0341817251470118,0.386870058908382,0.169595523908181,0.00899659009877896,0.0141850664216375,0.11489889817909
"mirror_db_sample39",0.0238546213751357,0.0252426782916987,0.0288877791376131,0.252848255875724,0.0530612846689825,0.353729272052315,0.106201264699949,0.0138614794233784,0.00600907064288592,0.136304293832318
"mirror_db_sample40",7.13583399638336e-23,0.0303515645106089,0,0.241018622722128,0.0496119735217447,0.390653770522056,0.119158959587288,0.0140321399689725,0.0271246032447688,0.128048365922433
"mirror_db_sample41",0.00843481236611401,0.0128625038402455,0,0.260021806291974,0.0998756466459623,0.330514928899452,0.138487077802168,0.0042212322672474,1.50158538815342e-05,0.145566976032955
"mirror_db_sample42",0.0026886048314872,0.0112822223190891,0.0651920930780659,0.295930059083459,0.0845658325749752,0.293422527308016,0.118272932056509,2.79787570938887e-21,5.05826939017316e-05,0.128595146054497
"mirror_db_sample43",0.0371379494602705,0.0143614138163806,2.0245173704194e-20,0.261691599805381,0.0521725862837146,0.345261525769586,0.121574667107692,0.0176671162301407,0.0119862901893159,0.138146851337518
"mirror_db_sample44",0.00229900060261332,0.0302847952138402,0.167453496974091,0.16971070398619,0.0437126414958226,0.352531643321233,0.116662159729823,0.0193578006468368,5.43048353848147e-06,0.0979823275460121
"mirror_db_sample45",0.162753185908855,0.00191067133392622,0,0.206506338634708,0.045916198668946,0.326467801989229,0.12961305459874,0.0179604391610641,8.64436670259393e-21,0.108872309704532
"mirror_db_sample46",0.0818573416182832,0.0185051466010481,3.58511008219096e-20,0.241657547403477,0.0413921841773196,0.333876576316391,0.124854195270934,0,0.0427210974272114,0.115135911185336
"mirror_db_sample47",0.0340005408005901,0.0436283124695099,9.24573333215271e-21,0.211940104364138,0.0729087774154711,0.315735343527674,0.136921108037752,0.00487679990223518,0.0600496596222082,0.119939353860423
"mirror_db_sample48",0.0831985686728414,0.00835443660060154,6.1380779609451e-20,0.201261869240183,0.0556865997758761,0.363062782125524,0.132254168939308,0.013348148930661,0.0345384871320154,0.10829493858299
"mirror_db_sample49",6.67844049490385e-21,0.034789528895227,7.66740537157309e-19,0.243306773947659,0.0628665944422507,0.418415475133895,0.0775737643960508,0.0137435907003411,0.0147579823049443,0.134546290179632
"mirror_db_sample50",0.147852403044861,0.00622267634876787,0,0.201120822076967,0.0484344807361138,0.342520837448735,0.127167764982222,0.01339859205712,0.00599852740663354,0.10728389589858
"mirror_db_sample51",0.00213548240889301,0.0190937439303402,0.0279877269193682,0.227905088180646,0.0635302157648325,0.386396121834582,0.117507749183478,0.0099187964581128,0.0177601172991319,0.127764958020616
"mirror_db_sample52",0.0498677340553896,0.0792083805263245,1.85114425334917e-20,0.24044382581325,0.0493556270224556,0.345468272188176,0.0941650312066124,0.00650801640548675,2.81722904186944e-20,0.134983112782305
"mirror_db_sample53",0.000869230989384801,0.0028618855624082,0.0113548479646006,0.205271093238836,0.0610317778536206,0.384376817942691,0.132737090192503,0.00984752879090805,0.0234731277089594,0.168176599756088
"mirror_db_sample54",0.000836429976345578,0.0204550840432571,2.17817180086989e-20,0.235563243147254,0.035700245676114,0.446647125677056,0.117911074262037,0.0163306746768959,0.00932999963930057,0.11722612290174
"mirror_db_sample55",0.024168705128528,0.043991335358438,0,0.202817446182412,0.0381527932658772,0.405581691038858,0.153981832385967,0.00755193321040515,0.0161923530772919,0.107561910352223
"mirror_db_sample56",0.00366354420049703,0.00676094650095345,0.0190378243011769,0.23183300105555,0.0212607313954435,0.427176319111199,0.170972087494704,0.0147613415005693,0.000159362634339254,0.104374841805568
"mirror_db_sample57",0.0125104244467239,0.0080825124563471,0.0658619516043609,0.207491380478153,0.099459296881695,0.329557428172875,0.102394024808546,0.0189023217834502,0.0134492181467951,0.142291441221053
"mirror_db_sample58",0.121189177416344,0.0529760213249979,1.08299038743989e-18,0.19354840049321,0.0415622678021649,0.353821055309647,0.113920930763036,0.0127881817606859,0,0.110193965129914
"mirror_db_sample59",0.0170332432092479,0.0306267461610176,0.0387257031100907,0.164777657189654,0.0517307414012605,0.412717831180939,0.106173852728135,0.0158714712413447,0.0064857969922522,0.155856956786058
"mirror_db_sample60",0.000367158428814677,0.0277666986267731,0.000403654599629422,0.241835860903529,0.0453814475856499,0.392552858051117,0.150233769140077,0.000492625482986333,0,0.140965927181424
"mirror_db_sample61",0.00096178187232219,0.0152796119435218,1.31328941095786e-05,0.221286233949295,0.0475864370725997,0.424934215003045,0.1377225836875,0.00546314054901787,0.0235170329574804,0.12323583007111
"mirror_db_sample62",0.00720824633206292,0.0221310678624554,1.17863410245307e-21,0.2255140476683,0.0587435002996393,0.422887305468446,0.120662112266762,0.0140975603088999,0.0129595803923904,0.115796579401044
"mirror_db_sample63",0.0166085740571526,0.00322547311869926,8.98984307833305e-21,0.233011288322463,0.0651939238093976,0.416215280347087,0.120871355602853,0.0213071750463338,0.0171735084991833,0.10639342119683
"mirror_db_sample64",0.0271373947252176,0.0401579912727398,0,0.235009061843209,0.0247903728863746,0.41066561688913,0.127305871269487,0.0162375177268412,0.00363325052072568,0.115062922866275
"mirror_db_sample65",0.06108286179142,0.00696731664771422,0,0.206459992606518,0.0713948343553459,0.366804948209054,0.123757717734016,0.0175305291364742,0.0197919644224883,0.12620983509697
"mirror_db_sample66",0.084895991875938,0.0303034831250804,0,0.224206470490944,0.0728508364193019,0.367346020778898,0.0937323574162252,0.00658221506878733,0.00668388467833529,0.11339874014649
"mirror_db_sample67",1.34081203847878e-22,0.0333788041252469,0.035275181774836,0.211998198911466,0.0638908032254907,0.393991395746676,0.148538859003624,0.00552148566594208,5.93770766395621e-20,0.107405271546718
"mirror_db_sample68",0.113955420853701,0.0208457916240351,1.43842835375411e-21,0.23310814961595,0.0767087296834673,0.313157374573742,0.125160476019794,0.00390783841712752,0.0154407310130952,0.0977154881990878
"mirror_db_sample69",0.0465937818783634,0.024649688752918,0,0.21571019892233,0.044706013316773,0.409972637277488,0.10666329714522,0.0213965966886332,0.0124348602797205,0.117872925738554
"mirror_db_sample70",0.0111440118590479,0.0365816763032375,0.0400190909854237,0.193909540344622,0.0604660752277111,0.419194861909644,0.103249091345333,0.0171981281648555,0.00629261123601565,0.111944912624109
"mirror_db_sample71",0.00179277631449955,0.00497512967799875,0.0910481649252946,0.260761094471805,0.0355341075565147,0.36441847547099,0.109078639468391,0,0.00280195932884861,0.129589652785658
"mirror_db_sample72",0.122809490340407,0.0167508028913511,1.70549631457239e-18,0.242200191944748,0.040219153305959,0.364123830560843,0.119244714064049,0.00395307846838225,0,0.0906987384242607
"mirror_db_sample73",0.0104030591136296,0.0175433882779561,0,0.239865280465964,0.0762454334325514,0.371604308926469,0.136750671063621,0.00652210767155676,0.00825937595409269,0.132806375094161
"mirror_db_sample74",0.0615788156789435,0.0373409447906533,0,0.228583193047261,0.0535357833506997,0.334023057829341,0.115257234003017,0.0309071564389778,0.0180010167954248,0.120772798065683
"mirror_db_sample75",0.0273741617036604,0.0132046607945176,4.65140681958318e-20,0.262729511887568,0.0427928631471401,0.416712895490077,0.0967998549272641,0.0109962108798582,0.0157163674620314,0.113673473707883
"mirror_db_sample76",0,0.00963499612428536,5.66956283440832e-05,0.266190307748317,0.0756109326183308,0.351233132212155,0.144040671485266,0.0135927419821826,0.00995030039024889,0.129690221810871
"mirror_db_sample77",0.000996648676094712,0.00477986408532974,0.00462333241602893,0.246792203628394,0.0824818698731019,0.356584933173451,0.107706712921445,0.0149736561695335,0.0158871332545326,0.165173645802088
"mirror_db_sample78",0.101246107177524,0.00361131835602161,4.51612761603782e-18,0.250695573291954,0.0501894105448361,0.357025979235631,0.124856119377931,0.0136570823239629,0,0.0987184096921405
"mirror_db_sample79",0.000303034532452273,0.0143313038326634,0.0760517848575973,0.234837856350859,0.0794704063807573,0.325312960782862,0.136796496065455,0.0123208152241743,0.00175431361378791,0.118821028359391
"mirror_db_sample80",0.000607177456307173,0.022515567762741,3.51113505515962e-19,0.221976416172499,0.0808235252435211,0.366203500100797,0.134024777529832,0.0201058976111848,0.0203966255437395,0.133346512579377
"mirror_db_sample81",0.138369043876795,0.0453545806195791,1.11928172081951e-21,0.18468696456139,0.041392052757547,0.34066106023284,0.104153782429533,0.00661559478306317,0.015981974355397,0.122784946383855
"mirror_db_sample82",0,0.0358309999341342,0.0487023258452593,0.207239339150726,0.0450632208544255,0.452549011043911,0.0896405359356304,0.0153653210293773,0,0.105609246206536
"mirror_db_sample83",0.0274654158126355,0.0217167621781888,2.36719212181923e-07,0.210607214357915,0.0670795227210245,0.365444183458649,0.134187667972569,0.012683362747572,0.0259133276033022,0.134902306428932
"mirror_db_sample84",0.0621587347318871,0.00598565575177402,0,0.228263686588294,0.0292839360256607,0.374618268302436,0.149659656387247,0.0172853270406817,0.0244125079960038,0.108332227176015
"mirror_db_sample85",0.00700374768240905,0.0319442192385443,0,0.24521357019238,0.0205307828266769,0.401050750181651,0.161584813236251,0.0147365921889422,0.003433748874282,0.114501775578864
"mirror_db_sample86",0.000128386276236671,0.0658126579527251,0,0.220831120825849,0.0391780022383497,0.423764691788925,0.103919155744586,0,0.012613033586228,0.133752951587101
"mirror_db_sample87",0.00494684120095797,0.0386819050658561,0.0402384620922807,0.221104691122653,0.0911493061779114,0.327048634445004,0.143713300080002,0.0155109201444078,8.31299416334051e-06,0.117597626676763
"mirror_db_sample88",0.0605848315077652,0.000552887450353838,1.26509593651065e-20,0.271542318334306,0.0652481947577442,0.32301172082603,0.131308397963841,0.015916993558156,0.00420050117399954,0.127634154427804
"mirror_db_sample89",0.000387441794279817,0.0114239261456757,1.78615510177126e-22,0.31592984672923,0.0780336135737179,0.29969193228456,0.151994386119684,0.0187788240967978,0.0184864127242708,0.105273616531783
"mirror_db_sample90",0.0759039953532034,0.0361523447554412,2.11752445818588e-19,0.251723885897607,0.036984101149216,0.327785718507604,0.127380759686229,0.00928429407729846,0.0167077276205125,0.118077172952888
"mirror_db_sample91",0.0815252652712305,0.00545894625894378,1.04968429613036e-19,0.19665316138864,0.0692190128777398,0.366998574586426,0.123667210565889,2.96617912070671e-05,0.0314349043963498,0.125013262863575
"mirror_db_sample92",0.00594387061174927,0.00072070141489324,0,0.264928158713306,0.0638779901200663,0.408437606911922,0.132715403875929,0.00841163592979567,0.0178800949285632,0.0970845374937749
"mirror_db_sample93",0.0758323509069936,0.00655021712506094,0,0.209344209374393,0.0654175350273218,0.348938483778142,0.12943770269185,0.0073210717176689,0.0144997070598508,0.142658722318719
"mirror_db_sample94",0.0852349255388034,0.0194932546664675,0,0.205021286651489,0.0358719447840394,0.355535148105821,0.134905206664519,0.0213104330542151,0.0113803624535479,0.131247438081098
"mirror_db_sample95",2.21148860961017e-20,0.0203854375304742,3.6025299243581e-20,0.242100212178598,0.0505045839893309,0.417823988464744,0.137504645841255,0.0063498492870992,0.00854996049981255,0.116781322208686
"mirror_db_sample96",0.0654835217426545,0.00460045120909785,0,0.252690045675985,0.057646393699022,0.394323817830986,0.0987673610376276,0.0113885887899669,0.00900222439479757,0.106097595619863
"mirror_db_sample97",0.0231238753547719,0.00676914036422086,5.69465030057067e-21,0.254675473282022,0.0453890323773595,0.426594833546117,0.131027683934623,0.0067682617827991,0.010343160390146,0.0953085389679402
"mirror_db_sample98",0,0.00727221887884986,0.0917468379042512,0.189628557028351,0.029670798451651,0.399945039506399,0.144302678060158,0.00842491056247056,0.0115378294532276,0.117471130154642
"mirror_db_sample99",0.0193780959377005,0.0165915747209849,0,0.241933069863131,0.0646890748956957,0.384016868728204,0.133257036170116,0.010948912578264,0.010722430532613,0.11846293657329
"mirror_db_sample100",0.0637345190116308,0.00866646130315132,0,0.230627079713215,0.0663357472761112,0.386567058427039,0.102785488990262,0.0195009440986374,0.00228657841565994,0.119496122764292
