"","apCAF","iCAF","mCAF","Pericyte","rCAF","tpCAF","vCAF"
"mirror_db_sample1",0.0301402918491837,0.311320176052418,0.3746063105881,0.104643212182249,0.00981658734998901,0.107987758763047,0.061485663215013
"mirror_db_sample2",5.62172334874437e-06,0.34153572956971,0.340386799396318,0.102191541915719,0.0189680073137335,0.14189546544669,0.0550168346344812
"mirror_db_sample3",0.0231841569655552,0.362379618322434,0.311906721768783,0.0947554612284649,0.0118944245546772,0.136390675610667,0.0594889415494192
"mirror_db_sample4",0.0121836705167856,0.331877428564931,0.326558335100384,0.129617436216591,0.00134055848564263,0.150619110617487,0.0478034604981792
"mirror_db_sample5",0.046441437623343,0.237863931965921,0.345858765882581,0.0959242314743592,0.00324320113683958,0.248051098853552,0.022617333063403
"mirror_db_sample6",0.0435473730465607,0.336768124842849,0.310725431171642,0.0941857360534704,0.00640868497141361,0.19310535018768,0.0152592997263854
"mirror_db_sample7",0.0149778814777538,0.373392295754842,0.325926865311388,0.115338964423624,0.00999714418560372,0.122960922228894,0.0374059266178953
"mirror_db_sample8",0.0221697053111697,0.303507202694325,0.356181013170215,0.0892651904262953,0.0135782704832215,0.182549672300725,0.0327489456140487
"mirror_db_sample9",0.0230471888964735,0.280921467380078,0.350028568766529,0.126604503358393,0.0135705519945298,0.183887765871939,0.0219399537320584
"mirror_db_sample10",0.000572381554400767,0.32455566638964,0.350557206500048,0.123646562967909,0.0340170506910857,0.109044290798657,0.0576068410982595
"mirror_db_sample11",0.0466527787849651,0.290447888889305,0.334993686962622,0.105507778643099,0.00478783853605846,0.184646723423487,0.0329633047604645
"mirror_db_sample12",0.0231077602375323,0.315310852159256,0.325984847452262,0.104766455748716,0.000228914891023386,0.190444884068498,0.0401562854427119
"mirror_db_sample13",0.0294850092248033,0.292132583589797,0.305879297094097,0.110776010834058,0.0109173254313409,0.215446684185528,0.0353630896403765
"mirror_db_sample14",0.0566634097193177,0.317866002899344,0.306538570728556,0.0972975943843585,0.016999147866058,0.177616479563093,0.0270187948392723
"mirror_db_sample15",0.0172937580360453,0.332875369624109,0.343117761990342,0.157817312882957,4.01412322050957e-05,0.116972454992772,0.0318832012415695
"mirror_db_sample16",0.0622078623545592,0.392737963432837,0.324833360130685,0.0870716094081801,0,0.0823894470397538,0.050759757633985
"mirror_db_sample17",0.049648013392162,0.299307832082094,0.296024558976796,0.17108495896276,0.0478528601384692,0.0937769706155866,0.0423048058321313
"mirror_db_sample18",0.0195733310913696,0.34644848845724,0.316407049323941,0.113491134393005,0.0112586565897367,0.133472044727221,0.0593492954174857
"mirror_db_sample19",0.0282768628227609,0.357852438162749,0.324537711549163,0.121527054987515,0,0.141492666076819,0.0263132664009941
"mirror_db_sample20",0.004750681766281,0.299853230306248,0.35247120018513,0.106517545595922,0.00792737596299617,0.189092832680348,0.0393871335030745
"mirror_db_sample21",0.0303459124801465,0.34079077474905,0.333757413527177,0.0777192782067274,0.0155492661271861,0.129425278863063,0.0724120760466498
"mirror_db_sample22",0.00824504620138278,0.311447394404631,0.330521065345293,0.138616501345019,1.86812660644651e-22,0.188356363605184,0.0228136290984901
"mirror_db_sample23",0.0415749719896661,0.310681744194755,0.377147587412704,0.14191698131417,0.005635899962616,0.105437162865128,0.0176056522609611
"mirror_db_sample24",0.0230317929654122,0.302118106643666,0.350068639473377,0.109643997321378,0.0298944392819272,0.147180695709937,0.0380623286043016
"mirror_db_sample25",0.0404904965409324,0.39102471143045,0.275550886942344,0.0852442475209019,0.0151680525456003,0.134009162544138,0.0585124424756338
"mirror_db_sample26",0.0598343539482951,0.274724737036209,0.344091468035086,0.0936235589399173,0.00592675062918153,0.194961888569046,0.0268372428422644
"mirror_db_sample27",0.0105543439802465,0.320464461084702,0.34613232311328,0.101232750732719,0.0165615113336255,0.181879439440604,0.0231751703148234
"mirror_db_sample28",0.0771713554158313,0.342689349384182,0.315488751331603,0.101299867956646,0.00414399757872874,0.114918328688582,0.0442883496444268
"mirror_db_sample29",0.0215346409716838,0.375619363183463,0.314072339680718,0.098251357272974,0.00667016678990853,0.124558609061984,0.0592935230392677
"mirror_db_sample30",0.010205735440741,0.338087858454527,0.349263423290074,0.108963695529636,0.0281229678988196,0.126621835067588,0.0387344843186146
"mirror_db_sample31",0.0303051129462878,0.314949654493318,0.320330312527272,0.126364914346708,0.00665051330679282,0.148429775336357,0.0529697170432642
"mirror_db_sample32",0.0355740116126779,0.292631842280108,0.338613270389359,0.106829439638974,0.0239522605106603,0.143534230860216,0.0588649447080047
"mirror_db_sample33",0.0329012237631,0.243462685967472,0.379798224781049,0.106450262906113,0.000291527197622059,0.188227654936425,0.0488684204482185
"mirror_db_sample34",0.0610130515117506,0.329388183066945,0.321794362615884,0.0843027185879224,0.0159227387590337,0.143248803322007,0.0443301421364566
"mirror_db_sample35",0.0493065393708244,0.343619772950211,0.37428793110448,0.128467112016691,0.00813011148573765,0.0796013134487489,0.0165872196233069
"mirror_db_sample36",0.024425837197412,0.234117828612957,0.355969494071097,0.134517104668778,0.0135316878083704,0.193659221363257,0.0437788262781287
"mirror_db_sample37",0.0134445348912645,0.377951338655743,0.297964053107417,0.116157005544322,0.00544472018130621,0.158011055414001,0.031027292205946
"mirror_db_sample38",0.0143941709875362,0.399845312790987,0.341102735537341,0.106558335275307,0.00313392524052569,0.0909163589207779,0.044049161247525
"mirror_db_sample39",0.0225813590131255,0.266481018952918,0.300957739827577,0.0897877768951106,0.0197972102102302,0.255339711686039,0.0450551834149994
"mirror_db_sample40",0.0149742064371867,0.308631924507897,0.410599576130521,0.0956111360461599,0.00625572886480029,0.109502370957436,0.0544250570559992
"mirror_db_sample41",0.0148024157403548,0.310532220807669,0.314669708946809,0.136729456226035,0.0123640013007259,0.183757129405399,0.0271450675730074
"mirror_db_sample42",0.00100916640972567,0.291589479615593,0.368799417231866,0.170424335733091,0.00610829803472105,0.125257070486489,0.0368122324885142
"mirror_db_sample43",0.0197664904331075,0.288700960553048,0.336561637839668,0.112680649285049,0.00328802901178541,0.192126477253199,0.0468757556241432
"mirror_db_sample44",0.00848335068044152,0.364709879546247,0.33580377910584,0.10501443915326,0.0176528805496691,0.131449118894773,0.0368865520697698
"mirror_db_sample45",0.00162513326790726,0.32523980187626,0.398674701236351,0.136334961085037,0.00136617202407825,0.0968564867555083,0.0399027437548573
"mirror_db_sample46",0.0076267320257211,0.34635382347905,0.342704512504547,0.104699862599664,0.00516936447400166,0.17765037685503,0.015795328061986
"mirror_db_sample47",0.0570041151095358,0.290694160892115,0.365525129417504,0.109303008056075,0.0391813095210881,0.110612107967448,0.0276801690362343
"mirror_db_sample48",0.0356381414840605,0.280843432073763,0.344382073350424,0.0828164608242471,0.0319055522797246,0.166116656326858,0.058297683660923
"mirror_db_sample49",0.0139241166689348,0.260709394953746,0.343608131815929,0.130436872237287,0.0056882487268119,0.220179777398504,0.0254534581987868
"mirror_db_sample50",0.0473012259483064,0.313207606059432,0.32320366653601,0.114429109223227,0.0106083189898838,0.151580350636247,0.0396697226068937
"mirror_db_sample51",0.0224797830251081,0.367433412507581,0.277164002294178,0.100349438467312,0.00907376458218379,0.202932813036745,0.0205667860868923
"mirror_db_sample52",0.0172097318949805,0.295197635697328,0.346352915158648,0.109805997811875,0.01244373776327,0.175367154102005,0.0436228275718934
"mirror_db_sample53",0.0394819792604428,0.29864551789119,0.325941864659116,0.100500670819928,0.023152124849223,0.179499473217869,0.032778369302231
"mirror_db_sample54",0.0513863999245739,0.288552768381176,0.340689257261708,0.120346260271069,0.00304089874311233,0.141453530618587,0.0545308847997741
"mirror_db_sample55",0.0179691526303486,0.289305366255604,0.342440687457809,0.103221447269116,0.0222538808084055,0.183232636084944,0.0415768294937735
"mirror_db_sample56",0.00989344630838988,0.31645393197912,0.333420081422491,0.140300107414038,0.0151063498513923,0.138436934799746,0.0463891482248226
"mirror_db_sample57",0.0254463210681382,0.357395945018387,0.348299950722351,0.120458193560848,0.0177615106242179,0.0805985487731602,0.0500395302328979
"mirror_db_sample58",0.00912367631638855,0.328640265778896,0.321916862933,0.137658583539951,0.00306822766276772,0.155212645597711,0.0443797381712859
"mirror_db_sample59",0.0188294758803018,0.260473010535996,0.372151320545985,0.119497265031178,0,0.206056563000706,0.022992365005833
"mirror_db_sample60",0.0096899191573067,0.336180562574209,0.313099387845054,0.0848582285407404,0.0252291297801046,0.187608333803169,0.0433344382994168
"mirror_db_sample61",0.0620973323047517,0.316972263612076,0.317750544545884,0.0783615586573398,0.0218395502312523,0.16340497507889,0.0395737755698071
"mirror_db_sample62",0.0205398905838161,0.307880373200098,0.390202036591277,0.12268562530885,0.0033289633783595,0.109511132706542,0.0458519782310573
"mirror_db_sample63",0.0205986901293289,0.327963567220001,0.318786986728294,0.116115104242623,0.0163324466593013,0.158494257149423,0.0417089478710287
"mirror_db_sample64",0.0489153762952953,0.270171319288015,0.336614631598774,0.118801572268551,0.00754268434465159,0.179758404886054,0.038196011318659
"mirror_db_sample65",0.0104233995869659,0.264960142404858,0.346024335717192,0.131851082416171,0.0075309293909052,0.193106980100306,0.0461031303836014
"mirror_db_sample66",0.0496424887477833,0.2997803257742,0.308077700927099,0.135698408035976,0.0152341570304316,0.168265187818997,0.0233017316655133
"mirror_db_sample67",0.0225611689497743,0.299190378177081,0.370935183082045,0.104373481246573,0.0140405764923794,0.156667030315192,0.0322321817369563
"mirror_db_sample68",0.0607769723267671,0.306350736093878,0.329180690974537,0.106644860025081,0.0167816059314399,0.130285183196723,0.0499799514515737
"mirror_db_sample69",0.04719456644731,0.3009262284879,0.308863239346975,0.0925069760079445,0.0232522308716397,0.185444828816476,0.0418119300217549
"mirror_db_sample70",0.012782978051215,0.387706086573578,0.331888210766173,0.0843919481367178,0.0232055303877233,0.113812312393759,0.0462129336908338
"mirror_db_sample71",0.00908282305189342,0.292598765932635,0.325715459579471,0.0936218033669791,0.00291928260255065,0.233035389904623,0.0430264755618482
"mirror_db_sample72",3.79392894482363e-22,0.299344354759175,0.347291274519444,0.103222387351137,0.00294436555302174,0.212013988592392,0.0351836292248307
"mirror_db_sample73",0.049522222867237,0.327394701626078,0.325357076521579,0.0813882593305186,0.0154037765602929,0.132683996980005,0.0682499661142893
"mirror_db_sample74",0.076422810857601,0.280081530118451,0.322302610760474,0.114341655648511,0.0095415562075487,0.154443028983193,0.0428668074242218
"mirror_db_sample75",0.0787516809445622,0.259050958200231,0.38474785959858,0.106139441399142,0.0154706532427881,0.136383866328386,0.0194555402863103
"mirror_db_sample76",0.0515009975194213,0.289116885512713,0.365144841421025,0.0998308720268759,0.0154277431853534,0.156578951223953,0.0223997091106576
"mirror_db_sample77",0.0104268298336951,0.286759466308712,0.351149980204233,0.11461836484791,0.0107767803657251,0.17409359009933,0.0521749883403943
"mirror_db_sample78",0.0410328458436523,0.261915717327393,0.337884120178838,0.151683673205482,0,0.176155375641844,0.0313282678027911
"mirror_db_sample79",0.00941104210800346,0.311429148850577,0.316331529557641,0.124921207006194,0.00402067713204639,0.192500375360748,0.0413860199847902
"mirror_db_sample80",0.0506830264437143,0.272827634752008,0.332661016886509,0.138640067473957,0.00153146015600333,0.150058846127715,0.0535979481600938
"mirror_db_sample81",0.0300023051444417,0.340883883062475,0.280480562623906,0.129733698006116,0.010643854391946,0.186054038943078,0.0222016578280362
"mirror_db_sample82",0.016359962840012,0.312955953335048,0.352858680309185,0.117700810266503,0.00889581064458258,0.153925560923993,0.0373032216806769
"mirror_db_sample83",0.0289088269488704,0.312642937708029,0.326887827534019,0.1252037597578,0.00395140298795813,0.16342410185495,0.0389811432083731
"mirror_db_sample84",0.0113997038755592,0.28003776114223,0.379785547304386,0.117337072948954,0.0123546994235555,0.171145597319499,0.0279396179858165
"mirror_db_sample85",0.0162309457152468,0.432539036395659,0.278875827189736,0.0780934161543577,0.00318266164016116,0.14078275560135,0.0502953573034886
"mirror_db_sample86",0.0777729817047374,0.276012607900173,0.30561486921017,0.141348925555354,0.0167159700489584,0.149883946582331,0.0326506989982756
"mirror_db_sample87",0.0381881016988981,0.328362402071672,0.32371543469618,0.120934106525033,0.0117152139942427,0.143246340371975,0.0338384006420003
"mirror_db_sample88",0.00122877965276451,0.300312747224511,0.33374931918158,0.123728618083671,0.0046700656278768,0.199758982669346,0.0365514875602515
"mirror_db_sample89",0.0200181964146048,0.350360545713486,0.347635307886647,0.093525089865883,0.000268739432414666,0.112912524142612,0.0752795965443527
"mirror_db_sample90",0.0439988176804618,0.30107389375355,0.319911269577621,0.103233623902524,0.0350027189382661,0.139282432149905,0.0574972439976722
"mirror_db_sample91",0.0169953659354992,0.307988699536884,0.349006801633723,0.105014925517629,0.00226437970789614,0.15537384746924,0.0633559801991293
"mirror_db_sample92",0.0141512799100337,0.315747845263944,0.307775439377505,0.124395069171881,0.0322887778590846,0.164543267514931,0.0410983209026207
"mirror_db_sample93",0.0425115365923955,0.329293979098765,0.327192049346416,0.119273961249779,0.0177954969073835,0.114193192804261,0.0497397840010002
"mirror_db_sample94",0.0130154562210487,0.297895096049432,0.369961943818164,0.0939828343554913,0.0219819869965743,0.173787376868097,0.0293753056911934
"mirror_db_sample95",0.0258419754424309,0.382834951220229,0.343075794319896,0.103022772982069,0.0146440664732532,0.10109773388589,0.0294827056762318
"mirror_db_sample96",0.049072720008518,0.316346015412476,0.314125549533015,0.137392735650756,0.0139441656851746,0.119422012454671,0.0496968012553886
"mirror_db_sample97",0.0646320353017319,0.325830162960875,0.307439562724541,0.0810740930767232,0.0067998565550421,0.179073895078233,0.0351503943028535
"mirror_db_sample98",0.0328085961002978,0.325630143427908,0.339834037742433,0.11956782845158,0.00536584380694465,0.11911718345881,0.057676367012026
"mirror_db_sample99",0.0153263994483856,0.325662032704335,0.346690849035875,0.113482048071909,0.00449703345072147,0.117217201385504,0.0771244359032701
"mirror_db_sample100",0.0468550495544925,0.255956029328039,0.338164107349818,0.133386682769053,1.64814418787352e-22,0.210633218344217,0.0150049126543813
